{
	"lr": [0.01, 0.001, 0.0001, 0.00001, 0.000001, 0.0000001],
	"hidden_layers": [[45, 36, 27, 18], [36, 27, 18], [27, 18]]
}
