{
    "latent_dim": [4, 6], 
    "hidden_layers": [[45, 36, 27, 18]], 
    "input_size": [21], 
    "db_weight0":[0.1, 0.001, 0.0001, 0.00001, 0.000001], 
    "db_weight1":[0.1, 0.001, 0.0001, 0.00001, 0.000001], 
    "batches":[50], 
    "num_epochs": [25], 
    "lr":[0.0001]
}